Function,Basis,System,BasFunc,Input,Reference,RelVal
b3lyp,631G,B,9,-6.8261,-7.1960,0.03
b3lyp,631G,Be,9,-4.0645,-4.3361,0.01
b3lyp,631G,C,9,-10.3145,-10.7658,0.08
b3lyp,631G,F,9,-24.7446,-25.4317,0.53
b3lyp,631G,Li,9,-2.0180,-2.1679,0.00
b3lyp,631G,N,9,-14.4463,-14.9587,0.17
b3lyp,631G,Ne,9,-30.9501,-31.7230,0.84
b3lyp,631G,O,9,-19.2916,-19.8893,0.31
b3lyp,aug-cc-pvdz,B,23,-6.8561,-7.1960,0.03
b3lyp,aug-cc-pvdz,Be,23,-4.0887,-4.3361,0.01
b3lyp,aug-cc-pvdz,C,23,-10.3457,-10.7658,0.08
b3lyp,aug-cc-pvdz,F,23,-24.7901,-25.4317,0.53
b3lyp,aug-cc-pvdz,Li,23,-2.0259,-2.1679,0.00
b3lyp,aug-cc-pvdz,N,23,-14.4652,-14.9587,0.17
b3lyp,aug-cc-pvdz,Ne,23,-31.0100,-31.7230,0.84
b3lyp,aug-cc-pvdz,O,23,-19.3155,-19.8893,0.31
b3lyp,aug-cc-pvtz,B,46,-6.8514,-7.1960,0.03
b3lyp,aug-cc-pvtz,Be,46,-4.0861,-4.3361,0.01
b3lyp,aug-cc-pvtz,C,46,-10.3343,-10.7658,0.08
b3lyp,aug-cc-pvtz,F,46,-24.7649,-25.4317,0.53
b3lyp,aug-cc-pvtz,Li,46,-2.0224,-2.1679,0.00
b3lyp,aug-cc-pvtz,N,46,-14.4481,-14.9587,0.17
b3lyp,aug-cc-pvtz,Ne,46,-30.9781,-31.7230,0.84
b3lyp,aug-cc-pvtz,O,46,-19.2943,-19.8893,0.31
b3lyp,def2-sv_p,B,14,-6.8478,-7.1960,0.03
b3lyp,def2-sv_p,Be,9,-4.0856,-4.3361,0.01
b3lyp,def2-sv_p,C,14,-10.3212,-10.7658,0.08
b3lyp,def2-sv_p,F,14,-24.7400,-25.4317,0.53
b3lyp,def2-sv_p,Li,9,-2.0229,-2.1679,0.00
b3lyp,def2-sv_p,N,14,-14.4296,-14.9587,0.17
b3lyp,def2-sv_p,Ne,14,-30.9454,-31.7230,0.84
b3lyp,def2-sv_p,O,14,-19.2721,-19.8893,0.31
b3lyp,def2-svpd,B,20,-6.8498,-7.1960,0.03
b3lyp,def2-svpd,Be,12,-4.0856,-4.3361,0.01
b3lyp,def2-svpd,C,20,-10.3234,-10.7658,0.08
b3lyp,def2-svpd,F,23,-24.7779,-25.4317,0.53
b3lyp,def2-svpd,Li,12,-2.0229,-2.1679,0.00
b3lyp,def2-svpd,N,20,-14.4324,-14.9587,0.17
b3lyp,def2-svpd,Ne,23,-30.9949,-31.7230,0.84
b3lyp,def2-svpd,O,23,-19.3059,-19.8893,0.31
b3lyp,def2-tzvp,B,31,-6.8470,-7.1960,0.03
b3lyp,def2-tzvp,Be,19,-4.0833,-4.3361,0.01
b3lyp,def2-tzvp,C,31,-10.3271,-10.7658,0.08
b3lyp,def2-tzvp,F,31,-24.7545,-25.4317,0.53
b3lyp,def2-tzvp,Li,14,-2.0247,-2.1679,0.00
b3lyp,def2-tzvp,N,31,-14.4394,-14.9587,0.17
b3lyp,def2-tzvp,Ne,31,-30.9660,-31.7230,0.84
b3lyp,def2-tzvp,O,31,-19.2850,-19.8893,0.31
b3lyp,def2-tzvpd,B,37,-6.8473,-7.1960,0.03
b3lyp,def2-tzvpd,Be,22,-4.0833,-4.3361,0.01
b3lyp,def2-tzvpd,C,37,-10.3274,-10.7658,0.08
b3lyp,def2-tzvpd,F,40,-24.7611,-25.4317,0.53
b3lyp,def2-tzvpd,Li,17,-2.0247,-2.1679,0.00
b3lyp,def2-tzvpd,N,37,-14.4398,-14.9587,0.17
b3lyp,def2-tzvpd,Ne,40,-30.9743,-31.7230,0.84
b3lyp,def2-tzvpd,O,40,-19.2912,-19.8893,0.31
bhhlyp,631G,B,9,-7.1530,-7.1960,0.03
bhhlyp,631G,Be,9,-4.3178,-4.3361,0.01
bhhlyp,631G,C,9,-10.7167,-10.7658,0.08
bhhlyp,631G,F,9,-25.3655,-25.4317,0.53
bhhlyp,631G,Li,9,-2.1954,-2.1679,0.00
bhhlyp,631G,N,9,-14.9197,-14.9587,0.17
bhhlyp,631G,Ne,9,-31.6487,-31.7230,0.84
bhhlyp,631G,O,9,-19.8404,-19.8893,0.31
bhhlyp,aug-cc-pvdz,B,23,-7.1814,-7.1960,0.03
bhhlyp,aug-cc-pvdz,Be,23,-4.3426,-4.3361,0.01
bhhlyp,aug-cc-pvdz,C,23,-10.7444,-10.7658,0.08
bhhlyp,aug-cc-pvdz,F,23,-25.4030,-25.4317,0.53
bhhlyp,aug-cc-pvdz,Li,23,-2.2040,-2.1679,0.00
bhhlyp,aug-cc-pvdz,N,23,-14.9342,-14.9587,0.17
bhhlyp,aug-cc-pvdz,Ne,23,-31.6988,-31.7230,0.84
bhhlyp,aug-cc-pvdz,O,23,-19.8588,-19.8893,0.31
bhhlyp,aug-cc-pvtz,B,46,-7.1760,-7.1960,0.03
bhhlyp,aug-cc-pvtz,Be,46,-4.3389,-4.3361,0.01
bhhlyp,aug-cc-pvtz,C,46,-10.7334,-10.7658,0.08
bhhlyp,aug-cc-pvtz,F,46,-25.3823,-25.4317,0.53
bhhlyp,aug-cc-pvtz,Li,46,-2.1990,-2.1679,0.00
bhhlyp,aug-cc-pvtz,N,46,-14.9188,-14.9587,0.17
bhhlyp,aug-cc-pvtz,Ne,46,-31.6725,-31.7230,0.84
bhhlyp,aug-cc-pvtz,O,46,-19.8403,-19.8893,0.31
bhhlyp,def2-sv_p,B,14,-7.1747,-7.1960,0.03
bhhlyp,def2-sv_p,Be,9,-4.3407,-4.3361,0.01
bhhlyp,def2-sv_p,C,14,-10.7239,-10.7658,0.08
bhhlyp,def2-sv_p,F,14,-25.3602,-25.4317,0.53
bhhlyp,def2-sv_p,Li,9,-2.2011,-2.1679,0.00
bhhlyp,def2-sv_p,N,14,-14.9036,-14.9587,0.17
bhhlyp,def2-sv_p,Ne,14,-31.6432,-31.7230,0.84
bhhlyp,def2-sv_p,O,14,-19.8219,-19.8893,0.31
bhhlyp,def2-svpd,B,20,-7.1764,-7.1960,0.03
bhhlyp,def2-svpd,Be,12,-4.3407,-4.3361,0.01
bhhlyp,def2-svpd,C,20,-10.7255,-10.7658,0.08
bhhlyp,def2-svpd,F,23,-25.3909,-25.4317,0.53
bhhlyp,def2-svpd,Li,12,-2.2011,-2.1679,0.00
bhhlyp,def2-svpd,N,20,-14.9058,-14.9587,0.17
bhhlyp,def2-svpd,Ne,23,-31.6837,-31.7230,0.84
bhhlyp,def2-svpd,O,23,-19.8495,-19.8893,0.31
bhhlyp,def2-tzvp,B,31,-7.1734,-7.1960,0.03
bhhlyp,def2-tzvp,Be,19,-4.3374,-4.3361,0.01
bhhlyp,def2-tzvp,C,31,-10.7287,-10.7658,0.08
bhhlyp,def2-tzvp,F,31,-25.3739,-25.4317,0.53
bhhlyp,def2-tzvp,Li,14,-2.2001,-2.1679,0.00
bhhlyp,def2-tzvp,N,31,-14.9126,-14.9587,0.17
bhhlyp,def2-tzvp,Ne,31,-31.6626,-31.7230,0.84
bhhlyp,def2-tzvp,O,31,-19.8334,-19.8893,0.31
bhhlyp,def2-tzvpd,B,37,-7.1736,-7.1960,0.03
bhhlyp,def2-tzvpd,Be,22,-4.3374,-4.3361,0.01
bhhlyp,def2-tzvpd,C,37,-10.7288,-10.7658,0.08
bhhlyp,def2-tzvpd,F,40,-25.3786,-25.4317,0.53
bhhlyp,def2-tzvpd,Li,17,-2.2000,-2.1679,0.00
bhhlyp,def2-tzvpd,N,37,-14.9128,-14.9587,0.17
bhhlyp,def2-tzvpd,Ne,40,-31.6685,-31.7230,0.84
bhhlyp,def2-tzvpd,O,40,-19.8378,-19.8893,0.31
cam-b3lyp,631G,B,9,-6.8974,-7.1960,0.03
cam-b3lyp,631G,Be,9,-4.1352,-4.3361,0.01
cam-b3lyp,631G,C,9,-10.3876,-10.7658,0.08
cam-b3lyp,631G,F,9,-24.8186,-25.4317,0.53
cam-b3lyp,631G,Li,9,-2.0888,-2.1679,0.00
cam-b3lyp,631G,N,9,-14.5200,-14.9587,0.17
cam-b3lyp,631G,Ne,9,-31.0239,-31.7230,0.84
cam-b3lyp,631G,O,9,-19.3658,-19.8893,0.31
cam-b3lyp,aug-cc-pvdz,B,23,-6.9275,-7.1960,0.03
cam-b3lyp,aug-cc-pvdz,Be,23,-4.1597,-4.3361,0.01
cam-b3lyp,aug-cc-pvdz,C,23,-10.4184,-10.7658,0.08
cam-b3lyp,aug-cc-pvdz,F,23,-24.8651,-25.4317,0.53
cam-b3lyp,aug-cc-pvdz,Li,23,-2.0968,-2.1679,0.00
cam-b3lyp,aug-cc-pvdz,N,23,-14.5389,-14.9587,0.17
cam-b3lyp,aug-cc-pvdz,Ne,23,-31.0853,-31.7230,0.84
cam-b3lyp,aug-cc-pvdz,O,23,-19.3901,-19.8893,0.31
cam-b3lyp,aug-cc-pvtz,B,46,-6.9223,-7.1960,0.03
cam-b3lyp,aug-cc-pvtz,Be,46,-4.1566,-4.3361,0.01
cam-b3lyp,aug-cc-pvtz,C,46,-10.4062,-10.7658,0.08
cam-b3lyp,aug-cc-pvtz,F,46,-24.8387,-25.4317,0.53
cam-b3lyp,aug-cc-pvtz,Li,46,-2.0939,-2.1679,0.00
cam-b3lyp,aug-cc-pvtz,N,46,-14.5208,-14.9587,0.17
cam-b3lyp,aug-cc-pvtz,Ne,46,-31.0521,-31.7230,0.84
cam-b3lyp,aug-cc-pvtz,O,46,-19.3677,-19.8893,0.31
cam-b3lyp,def2-sv_p,B,14,-6.9193,-7.1960,0.03
cam-b3lyp,def2-sv_p,Be,9,-4.1561,-4.3361,0.01
cam-b3lyp,def2-sv_p,C,14,-10.3945,-10.7658,0.08
cam-b3lyp,def2-sv_p,F,14,-24.8141,-25.4317,0.53
cam-b3lyp,def2-sv_p,Li,9,-2.0933,-2.1679,0.00
cam-b3lyp,def2-sv_p,N,14,-14.5033,-14.9587,0.17
cam-b3lyp,def2-sv_p,Ne,14,-31.0193,-31.7230,0.84
cam-b3lyp,def2-sv_p,O,14,-19.3463,-19.8893,0.31
cam-b3lyp,def2-svpd,B,20,-6.9214,-7.1960,0.03
cam-b3lyp,def2-svpd,Be,12,-4.1561,-4.3361,0.01
cam-b3lyp,def2-svpd,C,20,-10.3967,-10.7658,0.08
cam-b3lyp,def2-svpd,F,23,-24.8528,-25.4317,0.53
cam-b3lyp,def2-svpd,Li,12,-2.0933,-2.1679,0.00
cam-b3lyp,def2-svpd,N,20,-14.5062,-14.9587,0.17
cam-b3lyp,def2-svpd,Ne,23,-31.0701,-31.7230,0.84
cam-b3lyp,def2-svpd,O,23,-19.3804,-19.8893,0.31
cam-b3lyp,def2-tzvp,B,31,-6.9180,-7.1960,0.03
cam-b3lyp,def2-tzvp,Be,19,-4.1538,-4.3361,0.01
cam-b3lyp,def2-tzvp,C,31,-10.3995,-10.7658,0.08
cam-b3lyp,def2-tzvp,F,31,-24.8280,-25.4317,0.53
cam-b3lyp,def2-tzvp,Li,14,-2.0961,-2.1679,0.00
cam-b3lyp,def2-tzvp,N,31,-14.5123,-14.9587,0.17
cam-b3lyp,def2-tzvp,Ne,31,-31.0394,-31.7230,0.84
cam-b3lyp,def2-tzvp,O,31,-19.3583,-19.8893,0.31
cam-b3lyp,def2-tzvpd,B,37,-6.9182,-7.1960,0.03
cam-b3lyp,def2-tzvpd,Be,22,-4.1538,-4.3361,0.01
cam-b3lyp,def2-tzvpd,C,37,-10.3998,-10.7658,0.08
cam-b3lyp,def2-tzvpd,F,40,-24.8347,-25.4317,0.53
cam-b3lyp,def2-tzvpd,Li,17,-2.0961,-2.1679,0.00
cam-b3lyp,def2-tzvpd,N,37,-14.5127,-14.9587,0.17
cam-b3lyp,def2-tzvpd,Ne,40,-31.0481,-31.7230,0.84
cam-b3lyp,def2-tzvpd,O,40,-19.3646,-19.8893,0.31
pbe,631G,B,9,-6.5926,-7.1960,0.03
pbe,631G,Be,9,-3.8773,-4.3361,0.01
pbe,631G,F,9,-24.3115,-25.4317,0.53
pbe,631G,Li,9,-1.8816,-2.1679,0.00
pbe,631G,Ne,9,-30.4647,-31.7230,0.84
pbe,aug-cc-pvdz,B,23,-6.6219,-7.1960,0.03
pbe,aug-cc-pvdz,Be,23,-3.9000,-4.3361,0.01
pbe,aug-cc-pvdz,F,23,-24.3603,-25.4317,0.53
pbe,aug-cc-pvdz,Li,23,-1.8890,-2.1679,0.00
pbe,aug-cc-pvdz,Ne,23,-30.5285,-31.7230,0.84
pbe,aug-cc-pvtz,B,46,-6.6209,-7.1960,0.03
pbe,aug-cc-pvtz,Be,46,-3.9011,-4.3361,0.01
pbe,aug-cc-pvtz,F,46,-24.3368,-25.4317,0.53
pbe,aug-cc-pvtz,Li,46,-1.8887,-2.1679,0.00
pbe,aug-cc-pvtz,Ne,46,-30.4978,-31.7230,0.84
pbe,def2-sv_p,B,37,-6.9182,-7.1960,0.03
pbe,def2-sv_p,Be,22,-4.1538,-4.3361,0.01
pbe,def2-sv_p,C,37,-10.3998,-10.7658,0.08
pbe,def2-sv_p,F,40,-24.8347,-25.4317,0.53
pbe,def2-sv_p,Li,17,-2.0961,-2.1679,0.00
pbe,def2-sv_p,N,37,-14.5127,-14.9587,0.17
pbe,def2-sv_p,Ne,40,-31.0481,-31.7230,0.84
pbe,def2-sv_p,O,40,-19.3646,-19.8893,0.31
pbe,def2-svpd,B,37,-6.9182,-7.1960,0.03
pbe,def2-svpd,Be,22,-4.1538,-4.3361,0.01
pbe,def2-svpd,C,37,-10.3998,-10.7658,0.08
pbe,def2-svpd,F,40,-24.8347,-25.4317,0.53
pbe,def2-svpd,Li,17,-2.0961,-2.1679,0.00
pbe,def2-svpd,N,37,-14.5127,-14.9587,0.17
pbe,def2-svpd,Ne,40,-31.0481,-31.7230,0.84
pbe,def2-svpd,O,40,-19.3646,-19.8893,0.31
pbe,def2-tzvp,B,31,-6.6138,-7.1960,0.03
pbe,def2-tzvp,Be,19,-3.8964,-4.3361,0.01
pbe,def2-tzvp,F,31,-24.3227,-25.4317,0.53
pbe,def2-tzvp,Li,14,-1.8920,-2.1679,0.00
pbe,def2-tzvp,N,31,-14.0815,-14.9587,0.17
pbe,def2-tzvp,Ne,31,-30.4817,-31.7230,0.84
pbe,def2-tzvpd,B,37,-6.6142,-7.1960,0.03
pbe,def2-tzvpd,Be,22,-3.8964,-4.3361,0.01
pbe,def2-tzvpd,F,40,-24.3312,-25.4317,0.53
pbe,def2-tzvpd,Li,17,-1.8920,-2.1679,0.00
pbe,def2-tzvpd,N,37,-14.0821,-14.9587,0.17
pbe,def2-tzvpd,Ne,40,-30.4922,-31.7230,0.84
pbe0,631G,B,9,-6.8666,-7.1960,0.03
pbe0,631G,Be,9,-4.0910,-4.3361,0.01
pbe0,631G,C,9,-10.3666,-10.7658,0.08
pbe0,631G,F,9,-24.8257,-25.4317,0.53
pbe0,631G,Li,9,-2.0332,-2.1679,0.00
pbe0,631G,N,9,-14.5070,-14.9587,0.17
pbe0,631G,Ne,9,-31.0425,-31.7230,0.84
pbe0,631G,O,9,-19.3637,-19.8893,0.31
pbe0,aug-cc-pvdz,B,23,-6.8936,-7.1960,0.03
pbe0,aug-cc-pvdz,Be,23,-4.1134,-4.3361,0.01
pbe0,aug-cc-pvdz,C,23,-10.3948,-10.7658,0.08
pbe0,aug-cc-pvdz,F,23,-24.8657,-25.4317,0.53
pbe0,aug-cc-pvdz,Li,23,-2.0409,-2.1679,0.00
pbe0,aug-cc-pvdz,N,23,-14.5230,-14.9587,0.17
pbe0,aug-cc-pvdz,Ne,23,-31.0956,-31.7230,0.84
pbe0,aug-cc-pvdz,O,23,-19.3841,-19.8893,0.31
pbe0,aug-cc-pvtz,B,46,-6.8926,-7.1960,0.03
pbe0,aug-cc-pvtz,Be,46,-4.1141,-4.3361,0.01
pbe0,aug-cc-pvtz,C,46,-10.3868,-10.7658,0.08
pbe0,aug-cc-pvtz,F,46,-24.8461,-25.4317,0.53
pbe0,aug-cc-pvtz,Li,46,-2.0401,-2.1679,0.00
pbe0,aug-cc-pvtz,N,46,-14.5102,-14.9587,0.17
pbe0,aug-cc-pvtz,Ne,46,-31.0697,-31.7230,0.84
pbe0,aug-cc-pvtz,O,46,-19.3672,-19.8893,0.31
pbe0,def2-sv_p,B,14,-6.8864,-7.1960,0.03
pbe0,def2-sv_p,Be,9,-4.1121,-4.3361,0.01
pbe0,def2-sv_p,C,14,-10.3727,-10.7658,0.08
pbe0,def2-sv_p,F,14,-24.8205,-25.4317,0.53
pbe0,def2-sv_p,Li,9,-2.0399,-2.1679,0.00
pbe0,def2-sv_p,N,14,-14.4907,-14.9587,0.17
pbe0,def2-sv_p,Ne,14,-31.0372,-31.7230,0.84
pbe0,def2-sv_p,O,14,-19.3449,-19.8893,0.31
pbe0,def2-svpd,B,20,-6.8884,-7.1960,0.03
pbe0,def2-svpd,Be,12,-4.1121,-4.3361,0.01
pbe0,def2-svpd,C,20,-10.3746,-10.7658,0.08
pbe0,def2-svpd,F,23,-24.8540,-25.4317,0.53
pbe0,def2-svpd,Li,12,-2.0399,-2.1679,0.00
pbe0,def2-svpd,N,20,-14.4933,-14.9587,0.17
pbe0,def2-svpd,Ne,23,-31.0810,-31.7230,0.84
pbe0,def2-svpd,O,23,-19.3748,-19.8893,0.31
pbe0,def2-tzvp,B,31,-6.8876,-7.1960,0.03
pbe0,def2-tzvp,Be,19,-4.1108,-4.3361,0.01
pbe0,def2-tzvp,C,31,-10.3795,-10.7658,0.08
pbe0,def2-tzvp,F,31,-24.8352,-25.4317,0.53
pbe0,def2-tzvp,Li,14,-2.0422,-2.1679,0.00
pbe0,def2-tzvp,N,31,-14.5013,-14.9587,0.17
pbe0,def2-tzvp,Ne,31,-31.0571,-31.7230,0.84
pbe0,def2-tzvp,O,31,-19.3577,-19.8893,0.31
pbe0,def2-tzvpd,B,37,-6.8879,-7.1960,0.03
pbe0,def2-tzvpd,Be,22,-4.1108,-4.3361,0.01
pbe0,def2-tzvpd,C,37,-10.3798,-10.7658,0.08
pbe0,def2-tzvpd,F,40,-24.8411,-25.4317,0.53
pbe0,def2-tzvpd,Li,17,-2.0421,-2.1679,0.00
pbe0,def2-tzvpd,N,37,-14.5016,-14.9587,0.17
pbe0,def2-tzvpd,Ne,40,-31.0646,-31.7230,0.84
pbe0,def2-tzvpd,O,40,-19.3634,-19.8893,0.31
wB97,631G,B,9,-6.8339,-7.1960,0.03
wB97,631G,Be,9,-4.1062,-4.3361,0.01
wB97,631G,C,9,-10.2786,-10.7658,0.08
wB97,631G,F,9,-24.5737,-25.4317,0.53
wB97,631G,Li,9,-2.1003,-2.1679,0.00
wB97,631G,N,9,-14.3701,-14.9587,0.17
wB97,631G,Ne,9,-30.7197,-31.7230,0.84
wB97,631G,O,9,-19.1646,-19.8893,0.31
wB97,aug-cc-pvdz,B,23,-6.8602,-7.1960,0.03
wB97,aug-cc-pvdz,Be,23,-4.1282,-4.3361,0.01
wB97,aug-cc-pvdz,C,23,-10.3056,-10.7658,0.08
wB97,aug-cc-pvdz,F,23,-24.6179,-25.4317,0.53
wB97,aug-cc-pvdz,Li,23,-2.1083,-2.1679,0.00
wB97,aug-cc-pvdz,N,23,-14.3853,-14.9587,0.17
wB97,aug-cc-pvdz,Ne,23,-30.7793,-31.7230,0.84
wB97,aug-cc-pvdz,O,23,-19.1857,-19.8893,0.31
wB97,aug-cc-pvtz,B,46,-6.8537,-7.1960,0.03
wB97,aug-cc-pvtz,Be,46,-4.1256,-4.3361,0.01
wB97,aug-cc-pvtz,C,46,-10.2917,-10.7658,0.08
wB97,aug-cc-pvtz,F,46,-24.5904,-25.4317,0.53
wB97,aug-cc-pvtz,Li,46,-2.1071,-2.1679,0.00
wB97,aug-cc-pvtz,N,46,-14.3662,-14.9587,0.17
wB97,aug-cc-pvtz,Ne,46,-30.7442,-31.7230,0.84
wB97,aug-cc-pvtz,O,46,-19.1618,-19.8893,0.31
wB97,def2-sv_p,B,14,-6.8534,-7.1960,0.03
wB97,def2-sv_p,Be,9,-4.1258,-4.3361,0.01
wB97,def2-sv_p,C,14,-10.2858,-10.7658,0.08
wB97,def2-sv_p,F,14,-24.5696,-25.4317,0.53
wB97,def2-sv_p,Li,9,-2.1104,-2.1679,0.00
wB97,def2-sv_p,N,14,-14.3542,-14.9587,0.17
wB97,def2-sv_p,Ne,14,-30.7151,-31.7230,0.84
wB97,def2-sv_p,O,14,-19.1454,-19.8893,0.31
wB97,def2-svpd,B,20,-6.8553,-7.1960,0.03
wB97,def2-svpd,Be,12,-4.1258,-4.3361,0.01
wB97,def2-svpd,C,20,-10.2879,-10.7658,0.08
wB97,def2-svpd,F,23,-24.6067,-25.4317,0.53
wB97,def2-svpd,Li,12,-2.1105,-2.1679,0.00
wB97,def2-svpd,N,20,-14.3570,-14.9587,0.17
wB97,def2-svpd,Ne,23,-30.7646,-31.7230,0.84
wB97,def2-svpd,O,23,-19.1771,-19.8893,0.31
wB97,def2-tzvp,B,31,-6.8478,-7.1960,0.03
wB97,def2-tzvp,Be,19,-4.1206,-4.3361,0.01
wB97,def2-tzvp,C,31,-10.2842,-10.7658,0.08
wB97,def2-tzvp,F,31,-24.5780,-25.4317,0.53
wB97,def2-tzvp,Li,14,-2.1106,-2.1679,0.00
wB97,def2-tzvp,N,31,-14.3570,-14.9587,0.17
wB97,def2-tzvp,Ne,31,-30.7295,-31.7230,0.84
wB97,def2-tzvp,O,31,-19.1511,-19.8893,0.31
wB97,def2-tzvpd,B,37,-6.8481,-7.1960,0.03
wB97,def2-tzvpd,Be,22,-4.1206,-4.3361,0.01
wB97,def2-tzvpd,C,37,-10.2846,-10.7658,0.08
wB97,def2-tzvpd,F,40,-24.5839,-25.4317,0.53
wB97,def2-tzvpd,Li,17,-2.1107,-2.1679,0.00
wB97,def2-tzvpd,N,37,-14.3573,-14.9587,0.17
wB97,def2-tzvpd,Ne,40,-30.7376,-31.7230,0.84
wB97,def2-tzvpd,O,40,-19.1561,-19.8893,0.31
blyp,631G,B,9,-6.6093,-7.1960,0.03
blyp,631G,Be,9,-3.8939,-4.3361,0.01
blyp,631G,C,9,-10.0506,-10.7658,0.08
blyp,631G,F,9,-24.3443,-25.4317,0.53
blyp,631G,Li,9,-1.8950,-2.1679,0.00
blyp,631G,N,9,-14.1381,-14.9587,0.17
blyp,631G,Ne,9,-30.5014,-31.7230,0.84
blyp,631G,O,9,-18.9363,-19.8893,0.31
blyp,aug-cc-pvdz,B,23,-6.6414,-7.1960,0.03
blyp,aug-cc-pvdz,Be,23,-3.9186,-4.3361,0.01
blyp,aug-cc-pvdz,C,23,-10.0858,-10.7658,0.08
blyp,aug-cc-pvdz,F,23,-24.3976,-25.4317,0.53
blyp,aug-cc-pvdz,Li,23,-1.9028,-2.1679,0.00
blyp,aug-cc-pvdz,N,23,-14.1326,-14.9587,0.17
blyp,aug-cc-pvdz,Ne,23,-30.5708,-31.7230,0.84
blyp,aug-cc-pvdz,O,23,-18.9661,-19.8893,0.31
blyp,aug-cc-pvtz,B,46,-6.9718,-7.1960,0.03
blyp,aug-cc-pvtz,Be,46,-4.1775,-4.3361,0.01
blyp,aug-cc-pvtz,C,46,-10.4902,-10.7658,0.08
blyp,aug-cc-pvtz,F,46,-25.0092,-25.4317,0.53
blyp,aug-cc-pvtz,Li,46,-2.0845,-2.1679,0.00
blyp,aug-cc-pvtz,N,46,-14.6308,-14.9587,0.17
blyp,aug-cc-pvtz,Ne,46,-31.2593,-31.7230,0.84
blyp,aug-cc-pvtz,O,46,-19.5112,-19.8893,0.31
blyp,def2-sv_p,B,14,-6.6309,-7.1960,0.03
blyp,def2-sv_p,Be,9,-3.9142,-4.3361,0.01
blyp,def2-sv_p,C,14,-10.0568,-10.7658,0.08
blyp,def2-sv_p,F,14,-24.3398,-25.4317,0.53
blyp,def2-sv_p,Li,9,-1.8995,-2.1679,0.00
blyp,def2-sv_p,N,14,-14.0994,-14.9587,0.17
blyp,def2-sv_p,Ne,14,-30.4969,-31.7230,0.84
blyp,def2-sv_p,O,14,-18.9157,-19.8893,0.31
blyp,def2-svpd,B,20,-6.6332,-7.1960,0.03
blyp,def2-svpd,Be,12,-3.9142,-4.3361,0.01
blyp,def2-svpd,C,20,-10.0594,-10.7658,0.08
blyp,def2-svpd,F,23,-24.3847,-25.4317,0.53
blyp,def2-svpd,Li,12,-1.8995,-2.1679,0.00
blyp,def2-svpd,N,20,-14.1029,-14.9587,0.17
blyp,def2-svpd,Ne,23,-30.5550,-31.7230,0.84
blyp,def2-svpd,O,23,-18.9556,-19.8893,0.31
blyp,def2-tzvp,B,31,-6.6292,-7.1960,0.03
blyp,def2-tzvp,Be,19,-3.9110,-4.3361,0.01
blyp,def2-tzvp,C,31,-10.0623,-10.7658,0.08
blyp,def2-tzvp,F,31,-24.3543,-25.4317,0.53
blyp,def2-tzvp,Li,14,-1.9020,-2.1679,0.00
blyp,def2-tzvp,N,31,-14.1050,-14.9587,0.17
blyp,def2-tzvp,Ne,31,-30.5180,-31.7230,0.84
blyp,def2-tzvp,O,31,-18.9287,-19.8893,0.31
blyp,def2-tzvpd,B,37,-6.6295,-7.1960,0.03
blyp,def2-tzvpd,Be,22,-3.9110,-4.3361,0.01
blyp,def2-tzvpd,C,37,-10.0627,-10.7658,0.08
blyp,def2-tzvpd,F,40,-24.3632,-25.4317,0.53
blyp,def2-tzvpd,Li,17,-1.9020,-2.1679,0.00
blyp,def2-tzvpd,N,37,-14.1055,-14.9587,0.17
blyp,def2-tzvpd,Ne,40,-30.5291,-31.7230,0.84
blyp,def2-tzvpd,O,40,-18.9371,-19.8893,0.31
b3lyp,631G,Al,13,-56.0576,-57.5780,3.61
b3lyp,631G,Ar,13,-115.08599,-117.92785,12.98
b3lyp,631G,Cl,13,-101.57210,-104.11151,10.44
b3lyp,631G,Mg,13,-46.8084,-48.1327,2.67
b3lyp,631G,Na,13,-38.4982,-39.6027,1.89
b3lyp,631G,P,13,-77.1186,-79.1125,6.50
b3lyp,631G,S,13,-88.9320,-91.1921,8.29
b3lyp,631G,Si,13,-66.1713,-67.9264,4.97
b3lyp,aug-cc-pvdz,Al,27,-56.0748,-57.5780,3.61
b3lyp,aug-cc-pvdz,Ar,27,-115.10746,-117.92785,12.98
b3lyp,aug-cc-pvdz,Cl,27,-101.59504,-104.11151,10.44
b3lyp,aug-cc-pvdz,Mg,27,-46.8201,-48.1327,2.67
b3lyp,aug-cc-pvdz,Na,27,-38.4796,-39.6027,1.89
b3lyp,aug-cc-pvdz,P,27,-77.1454,-79.1125,6.50
b3lyp,aug-cc-pvdz,S,27,-88.9579,-91.1921,8.29
b3lyp,aug-cc-pvdz,Si,27,-66.1986,-67.9264,4.97
b3lyp,aug-cc-pvtz,Al,50,-56.0749,-57.5780,3.61
b3lyp,aug-cc-pvtz,Ar,50,-115.12158,-117.92785,12.98
b3lyp,aug-cc-pvtz,Cl,50,-101.60764,-104.11151,10.44
b3lyp,aug-cc-pvtz,Mg,50,-46.8352,-48.1327,2.67
b3lyp,aug-cc-pvtz,Na,50,-38.4981,-39.6027,1.89
b3lyp,aug-cc-pvtz,P,50,-77.1490,-79.1125,6.50
b3lyp,aug-cc-pvtz,S,50,-88.9652,-91.1921,8.29
b3lyp,aug-cc-pvtz,Si,50,-66.1983,-67.9264,4.97
b3lyp,def2-sv_p,Al,18,-56.0414,-57.5780,3.61
b3lyp,def2-sv_p,Ar,18,-115.03618,-117.92785,12.98
b3lyp,def2-sv_p,Cl,18,-101.53171,-104.11151,10.44
b3lyp,def2-sv_p,Mg,18,-46.8245,-48.1327,2.67
b3lyp,def2-sv_p,Na,15,-38.4593,-39.6027,1.89
b3lyp,def2-sv_p,P,18,-77.0864,-79.1125,6.50
b3lyp,def2-sv_p,S,18,-88.8948,-91.1921,8.29
b3lyp,def2-sv_p,Si,18,-66.1477,-67.9264,4.97
b3lyp,def2-svpd,Al,24,-56.0437,-57.5780,3.61
b3lyp,def2-svpd,Ar,27,-115.07525,-117.92785,12.98
b3lyp,def2-svpd,Cl,27,-101.56301,-104.11151,10.44
b3lyp,def2-svpd,Mg,21,-46.8240,-48.1327,2.67
b3lyp,def2-svpd,Na,18,-38.4658,-39.6027,1.89
b3lyp,def2-svpd,P,24,-77.0896,-79.1125,6.50
b3lyp,def2-svpd,S,27,-88.9240,-91.1921,8.29
b3lyp,def2-svpd,Si,24,-66.1502,-67.9264,4.97
b3lyp,def2-tzvp,Al,37,-56.0439,-57.5780,3.61
b3lyp,def2-tzvp,Ar,37,-115.07988,-117.92785,12.98
b3lyp,def2-tzvp,Cl,37,-101.56787,-104.11151,10.44
b3lyp,def2-tzvp,Mg,32,-46.8205,-48.1327,2.67
b3lyp,def2-tzvp,Na,32,-38.4889,-39.6027,1.89
b3lyp,def2-tzvp,P,37,-77.1130,-79.1125,6.50
b3lyp,def2-tzvp,S,37,-88.9266,-91.1921,8.29
b3lyp,def2-tzvp,Si,37,-66.1689,-67.9264,4.97
b3lyp,def2-tzvpd,Al,43,-56.0442,-57.5780,3.61
b3lyp,def2-tzvpd,Ar,46,-115.08467,-117.92785,12.98
b3lyp,def2-tzvpd,Cl,46,-101.57196,-104.11151,10.44
b3lyp,def2-tzvpd,Mg,35,-46.8205,-48.1327,2.67
b3lyp,def2-tzvpd,Na,35,-38.4888,-39.6027,1.89
b3lyp,def2-tzvpd,P,43,-77.1134,-79.1125,6.50
b3lyp,def2-tzvpd,S,46,-88.9308,-91.1921,8.29
b3lyp,def2-tzvpd,Si,43,-66.1692,-67.9264,4.97
bhhlyp,631G,Al,13,-56.9932,-57.5780,3.61
bhhlyp,631G,Ar,13,-116.43324,-117.92785,12.98
bhhlyp,631G,Cl,13,-102.83586,-104.11151,10.44
bhhlyp,631G,Mg,13,-47.6619,-48.1327,2.67
bhhlyp,631G,Na,13,-39.2709,-39.6027,1.89
bhhlyp,631G,P,13,-78.2182,-79.1125,6.50
bhhlyp,631G,S,13,-90.1146,-91.1921,8.29
bhhlyp,631G,Si,13,-67.1892,-67.9264,4.97
bhhlyp,aug-cc-pvdz,Al,27,-57.0089,-57.5780,3.61
bhhlyp,aug-cc-pvdz,Ar,27,-116.45208,-117.92785,12.98
bhhlyp,aug-cc-pvdz,Cl,27,-102.85625,-104.11151,10.44
bhhlyp,aug-cc-pvdz,Mg,27,-47.6738,-48.1327,2.67
bhhlyp,aug-cc-pvdz,Na,27,-39.2537,-39.6027,1.89
bhhlyp,aug-cc-pvdz,P,27,-78.2425,-79.1125,6.50
bhhlyp,aug-cc-pvdz,S,27,-90.1381,-91.1921,8.29
bhhlyp,aug-cc-pvdz,Si,27,-67.2147,-67.9264,4.97
bhhlyp,aug-cc-pvtz,Al,50,-57.0073,-57.5780,3.61
bhhlyp,aug-cc-pvtz,Ar,50,-116.46055,-117.92785,12.98
bhhlyp,aug-cc-pvtz,Cl,50,-102.86318,-104.11151,10.44
bhhlyp,aug-cc-pvtz,Mg,50,-47.6814,-48.1327,2.67
bhhlyp,aug-cc-pvtz,Na,50,-39.2629,-39.6027,1.89
bhhlyp,aug-cc-pvtz,P,50,-78.2411,-79.1125,6.50
bhhlyp,aug-cc-pvtz,S,50,-90.1399,-91.1921,8.29
bhhlyp,aug-cc-pvtz,Si,50,-67.2115,-67.9264,4.97
bhhlyp,def2-sv_p,Al,18,-56.9755,-57.5780,3.61
bhhlyp,def2-sv_p,Ar,18,-116.38435,-117.92785,12.98
bhhlyp,def2-sv_p,Cl,18,-102.79582,-104.11151,10.44
bhhlyp,def2-sv_p,Mg,18,-47.6772,-48.1327,2.67
bhhlyp,def2-sv_p,Na,15,-39.2377,-39.6027,1.89
bhhlyp,def2-sv_p,P,18,-78.1853,-79.1125,6.50
bhhlyp,def2-sv_p,S,18,-90.0774,-91.1921,8.29
bhhlyp,def2-sv_p,Si,18,-67.1652,-67.9264,4.97
bhhlyp,def2-svpd,Al,24,-56.9776,-57.5780,3.61
bhhlyp,def2-svpd,Ar,27,-116.41963,-117.92785,12.98
bhhlyp,def2-svpd,Cl,27,-102.82402,-104.11151,10.44
bhhlyp,def2-svpd,Mg,21,-47.6765,-48.1327,2.67
bhhlyp,def2-svpd,Na,18,-39.2429,-39.6027,1.89
bhhlyp,def2-svpd,P,24,-78.1879,-79.1125,6.50
bhhlyp,def2-svpd,S,27,-90.1039,-91.1921,8.29
bhhlyp,def2-svpd,Si,24,-67.1671,-67.9264,4.97
bhhlyp,def2-tzvp,Al,37,-56.9860,-57.5780,3.61
bhhlyp,def2-tzvp,Ar,37,-116.43324,-117.92785,12.98
bhhlyp,def2-tzvp,Cl,37,-102.83665,-104.11151,10.44
bhhlyp,def2-tzvp,Mg,32,-47.6709,-48.1327,2.67
bhhlyp,def2-tzvp,Na,32,-39.2559,-39.6027,1.89
bhhlyp,def2-tzvp,P,37,-78.2163,-79.1125,6.50
bhhlyp,def2-tzvp,S,37,-90.1139,-91.1921,8.29
bhhlyp,def2-tzvp,Si,37,-67.1906,-67.9264,4.97
bhhlyp,def2-tzvpd,Al,43,-56.9862,-57.5780,3.61
bhhlyp,def2-tzvpd,Ar,46,-116.43686,-117.92785,12.98
bhhlyp,def2-tzvpd,Cl,46,-102.83964,-104.11151,10.44
bhhlyp,def2-tzvpd,Mg,35,-47.6709,-48.1327,2.67
bhhlyp,def2-tzvpd,Na,35,-39.2558,-39.6027,1.89
bhhlyp,def2-tzvpd,P,43,-78.2166,-79.1125,6.50
bhhlyp,def2-tzvpd,S,46,-90.1171,-91.1921,8.29
bhhlyp,def2-tzvpd,Si,43,-67.1909,-67.9264,4.97
cam-b3lyp,631G,Al,13,-56.1287,-57.5780,3.61
cam-b3lyp,631G,Ar,13,-115.15773,-117.92785,12.98
cam-b3lyp,631G,Cl,13,-101.64371,-104.11151,10.44
cam-b3lyp,631G,Mg,13,-46.8807,-48.1327,2.67
cam-b3lyp,631G,Na,13,-38.5714,-39.6027,1.89
cam-b3lyp,631G,P,13,-77.1897,-79.1125,6.50
cam-b3lyp,631G,S,13,-89.0033,-91.1921,8.29
cam-b3lyp,631G,Si,13,-66.2422,-67.9264,4.97
cam-b3lyp,aug-cc-pvdz,Al,27,-56.1458,-57.5780,3.61
cam-b3lyp,aug-cc-pvdz,Ar,27,-115.17886,-117.92785,12.98
cam-b3lyp,aug-cc-pvdz,Cl,27,-101.66615,-104.11151,10.44
cam-b3lyp,aug-cc-pvdz,Mg,27,-46.8924,-48.1327,2.67
cam-b3lyp,aug-cc-pvdz,Na,27,-38.5522,-39.6027,1.89
cam-b3lyp,aug-cc-pvdz,P,27,-77.2159,-79.1125,6.50
cam-b3lyp,aug-cc-pvdz,S,27,-89.0285,-91.1921,8.29
cam-b3lyp,aug-cc-pvdz,Si,27,-66.2689,-67.9264,4.97
cam-b3lyp,aug-cc-pvtz,Al,50,-56.1459,-57.5780,3.61
cam-b3lyp,aug-cc-pvtz,Ar,50,-115.19196,-117.92785,12.98
cam-b3lyp,aug-cc-pvtz,Cl,50,-101.67801,-104.11151,10.44
cam-b3lyp,aug-cc-pvtz,Mg,50,-46.9080,-48.1327,2.67
cam-b3lyp,aug-cc-pvtz,Na,50,-38.5726,-39.6027,1.89
cam-b3lyp,aug-cc-pvtz,P,50,-77.2191,-79.1125,6.50
cam-b3lyp,aug-cc-pvtz,S,50,-89.0353,-91.1921,8.29
cam-b3lyp,aug-cc-pvtz,Si,50,-66.2684,-67.9264,4.97
cam-b3lyp,def2-sv_p,Al,18,-56.1129,-57.5780,3.61
cam-b3lyp,def2-sv_p,Ar,18,-115.10698,-117.92785,12.98
cam-b3lyp,def2-sv_p,Cl,18,-101.60277,-104.11151,10.44
cam-b3lyp,def2-sv_p,Mg,18,-46.8970,-48.1327,2.67
cam-b3lyp,def2-sv_p,Na,15,-38.5311,-39.6027,1.89
cam-b3lyp,def2-sv_p,P,18,-77.1577,-79.1125,6.50
cam-b3lyp,def2-sv_p,S,18,-88.9659,-91.1921,8.29
cam-b3lyp,def2-sv_p,Si,18,-66.2191,-67.9264,4.97
cam-b3lyp,def2-svpd,Al,24,-56.1154,-57.5780,3.61
cam-b3lyp,def2-svpd,Ar,27,-115.14628,-117.92785,12.98
cam-b3lyp,def2-svpd,Cl,27,-101.63403,-104.11151,10.44
cam-b3lyp,def2-svpd,Mg,21,-46.8966,-48.1327,2.67
cam-b3lyp,def2-svpd,Na,18,-38.5378,-39.6027,1.89
cam-b3lyp,def2-svpd,P,24,-77.1608,-79.1125,6.50
cam-b3lyp,def2-svpd,S,27,-88.9947,-91.1921,8.29
cam-b3lyp,def2-svpd,Si,24,-66.2215,-67.9264,4.97
cam-b3lyp,def2-tzvp,Al,37,-56.1145,-57.5780,3.61
cam-b3lyp,def2-tzvp,Ar,37,-115.14980,-117.92785,12.98
cam-b3lyp,def2-tzvp,Cl,37,-101.63790,-104.11151,10.44
cam-b3lyp,def2-tzvp,Mg,32,-46.8936,-48.1327,2.67
cam-b3lyp,def2-tzvp,Na,32,-38.5635,-39.6027,1.89
cam-b3lyp,def2-tzvp,P,37,-77.1832,-79.1125,6.50
cam-b3lyp,def2-tzvp,S,37,-88.9966,-91.1921,8.29
cam-b3lyp,def2-tzvp,Si,37,-66.2391,-67.9264,4.97
cam-b3lyp,def2-tzvpd,Al,43,-56.1148,-57.5780,3.61
cam-b3lyp,def2-tzvpd,Ar,46,-115.15467,-117.92785,12.98
cam-b3lyp,def2-tzvpd,Cl,46,-101.64184,-104.11151,10.44
cam-b3lyp,def2-tzvpd,Mg,35,-46.8935,-48.1327,2.67
cam-b3lyp,def2-tzvpd,Na,35,-38.5634,-39.6027,1.89
cam-b3lyp,def2-tzvpd,P,43,-77.1837,-79.1125,6.50
cam-b3lyp,def2-tzvpd,S,46,-89.0006,-91.1921,8.29
cam-b3lyp,def2-tzvpd,Si,43,-66.2395,-67.9264,4.97
pbe,631G,Al,13,-55.4084,-57.5780,3.61
pbe,631G,Ar,13,-114.15991,-117.92785,12.98
pbe,631G,Cl,13,-100.70226,-104.11151,10.44
pbe,631G,Mg,13,-46.2141,-48.1327,2.67
pbe,631G,Na,13,-37.9571,-39.6027,1.89
pbe,aug-cc-pvdz,Al,27,-55.4258,-57.5780,3.61
pbe,aug-cc-pvdz,Ar,27,-114.18262,-117.92785,12.98
pbe,aug-cc-pvdz,Cl,27,-100.72667,-104.11151,10.44
pbe,aug-cc-pvdz,Mg,27,-46.2254,-48.1327,2.67
pbe,aug-cc-pvdz,Na,27,-37.9379,-39.6027,1.89
pbe,aug-cc-pvdz,P,27,-76.3706,-79.1125,6.50
pbe,aug-cc-pvtz,Al,50,-55.4293,-57.5780,3.61
pbe,aug-cc-pvtz,Ar,50,-114.20526,-117.92785,12.98
pbe,aug-cc-pvtz,Cl,50,-100.74717,-104.11151,10.44
pbe,aug-cc-pvtz,Mg,50,-46.2458,-48.1327,2.67
pbe,aug-cc-pvtz,Na,50,-37.9623,-39.6027,1.89
pbe,aug-cc-pvtz,P,50,-76.3832,-79.1125,6.50
pbe,def2-sv_p,Al,18,-55.3948,-57.5780,3.61
pbe,def2-sv_p,Ar,18,-114.11497,-117.92785,12.98
pbe,def2-sv_p,Cl,18,-100.66620,-104.11151,10.44
pbe,def2-sv_p,Mg,18,-46.2310,-48.1327,2.67
pbe,def2-sv_p,Na,15,-37.9173,-39.6027,1.89
pbe,def2-sv_p,P,18,-76.3195,-79.1125,6.50
pbe,def2-svpd,Al,24,-55.3976,-57.5780,3.61
pbe,def2-svpd,Ar,27,-114.15370,-117.92785,12.98
pbe,def2-svpd,Cl,27,-100.69730,-104.11151,10.44
pbe,def2-svpd,Mg,21,-46.2306,-48.1327,2.67
pbe,def2-svpd,Na,18,-37.9246,-39.6027,1.89
pbe,def2-svpd,P,24,-76.3235,-79.1125,6.50
pbe,def2-tzvp,Al,37,-55.3978,-57.5780,3.61
pbe,def2-tzvp,Ar,37,-114.15770,-117.92785,12.98
pbe,def2-tzvp,Cl,37,-100.70204,-104.11151,10.44
pbe,def2-tzvp,Mg,32,-46.2293,-48.1327,2.67
pbe,def2-tzvp,Na,32,-37.9541,-39.6027,1.89
pbe,def2-tzvp,P,37,-76.3448,-79.1125,6.50
pbe,def2-tzvpd,Al,43,-55.3980,-57.5780,3.61
pbe,def2-tzvpd,Ar,46,-114.16308,-117.92785,12.98
pbe,def2-tzvpd,Cl,46,-100.70651,-104.11151,10.44
pbe,def2-tzvpd,Mg,35,-46.2292,-48.1327,2.67
pbe,def2-tzvpd,Na,35,-37.9541,-39.6027,1.89
pbe,def2-tzvpd,P,43,-76.3453,-79.1125,6.50
pbe0,631G,Al,13,-56.1795,-57.5780,3.61
pbe0,631G,Ar,13,-115.26825,-117.92785,12.98
pbe0,631G,Cl,13,-101.74215,-104.11151,10.44
pbe0,631G,Mg,13,-46.9176,-48.1327,2.67
pbe0,631G,Na,13,-38.5939,-39.6027,1.89
pbe0,631G,P,13,-77.2655,-79.1125,6.50
pbe0,631G,S,13,-89.0906,-91.1921,8.29
pbe0,631G,Si,13,-66.3063,-67.9264,4.97
pbe0,aug-cc-pvdz,Al,27,-56.1957,-57.5780,3.61
pbe0,aug-cc-pvdz,Ar,27,-115.28861,-117.92785,12.98
pbe0,aug-cc-pvdz,Cl,27,-101.76452,-104.11151,10.44
pbe0,aug-cc-pvdz,Mg,27,-46.9290,-48.1327,2.67
pbe0,aug-cc-pvdz,Na,27,-38.5761,-39.6027,1.89
pbe0,aug-cc-pvdz,P,27,-77.2911,-79.1125,6.50
pbe0,aug-cc-pvdz,S,27,-89.1160,-91.1921,8.29
pbe0,aug-cc-pvdz,Si,27,-66.3321,-67.9264,4.97
pbe0,aug-cc-pvtz,Al,50,-56.1976,-57.5780,3.61
pbe0,aug-cc-pvtz,Ar,50,-115.30678,-117.92785,12.98
pbe0,aug-cc-pvtz,Cl,50,-101.78038,-104.11151,10.44
pbe0,aug-cc-pvtz,Mg,50,-46.9432,-48.1327,2.67
pbe0,aug-cc-pvtz,Na,50,-38.5923,-39.6027,1.89
pbe0,aug-cc-pvtz,P,50,-77.2965,-79.1125,6.50
pbe0,aug-cc-pvtz,S,50,-89.1254,-91.1921,8.29
pbe0,aug-cc-pvtz,Si,50,-66.3333,-67.9264,4.97
pbe0,def2-sv_p,Al,18,-56.1648,-57.5780,3.61
pbe0,def2-sv_p,Ar,18,-115.22628,-117.92785,12.98
pbe0,def2-sv_p,Cl,18,-101.70835,-104.11151,10.44
pbe0,def2-sv_p,Mg,18,-46.9333,-48.1327,2.67
pbe0,def2-sv_p,Na,15,-38.5602,-39.6027,1.89
pbe0,def2-sv_p,P,18,-77.2367,-79.1125,6.50
pbe0,def2-sv_p,S,18,-89.0587,-91.1921,8.29
pbe0,def2-sv_p,Si,18,-66.2850,-67.9264,4.97
pbe0,def2-svpd,Al,24,-56.1675,-57.5780,3.61
pbe0,def2-svpd,Ar,27,-115.26041,-117.92785,12.98
pbe0,def2-svpd,Cl,27,-101.73560,-104.11151,10.44
pbe0,def2-svpd,Mg,21,-46.9327,-48.1327,2.67
pbe0,def2-svpd,Na,18,-38.5661,-39.6027,1.89
pbe0,def2-svpd,P,24,-77.2399,-79.1125,6.50
pbe0,def2-svpd,S,27,-89.0842,-91.1921,8.29
pbe0,def2-svpd,Si,24,-66.2876,-67.9264,4.97
pbe0,def2-tzvp,Al,37,-56.1744,-57.5780,3.61
pbe0,def2-tzvp,Ar,37,-115.27108,-117.92785,12.98
pbe0,def2-tzvp,Cl,37,-101.74620,-104.11151,10.44
pbe0,def2-tzvp,Mg,32,-46.9295,-48.1327,2.67
pbe0,def2-tzvp,Na,32,-38.5852,-39.6027,1.89
pbe0,def2-tzvp,P,37,-77.2659,-79.1125,6.50
pbe0,def2-tzvp,S,37,-89.0923,-91.1921,8.29
pbe0,def2-tzvp,Si,37,-66.3092,-67.9264,4.97
pbe0,def2-tzvpd,Al,43,-56.1746,-57.5780,3.61
pbe0,def2-tzvpd,Ar,46,-115.27499,-117.92785,12.98
pbe0,def2-tzvpd,Cl,46,-101.74941,-104.11151,10.44
pbe0,def2-tzvpd,Mg,35,-46.9294,-48.1327,2.67
pbe0,def2-tzvpd,Na,35,-38.5852,-39.6027,1.89
pbe0,def2-tzvpd,P,43,-77.2663,-79.1125,6.50
pbe0,def2-tzvpd,S,46,-89.0957,-91.1921,8.29
pbe0,def2-tzvpd,Si,43,-66.3095,-67.9264,4.97
wB97,631G,Al,13,-55.6672,-57.5780,3.61
wB97,631G,Ar,13,-114.41855,-117.92785,12.98
wB97,631G,Cl,13,-100.96434,-104.11151,10.44
wB97,631G,Mg,13,-46.4757,-48.1327,2.67
wB97,631G,Na,13,-38.2118,-39.6027,1.89
wB97,631G,P,13,-76.6208,-79.1125,6.50
wB97,631G,S,13,-88.3797,-91.1921,8.29
wB97,631G,Si,13,-65.7256,-67.9264,4.97
wB97,aug-cc-pvdz,Al,27,-55.6846,-57.5780,3.61
wB97,aug-cc-pvdz,Ar,27,-114.44000,-117.92785,12.98
wB97,aug-cc-pvdz,Cl,27,-100.98842,-104.11151,10.44
wB97,aug-cc-pvdz,Mg,27,-46.4868,-48.1327,2.67
wB97,aug-cc-pvdz,Na,27,-38.1943,-39.6027,1.89
wB97,aug-cc-pvdz,P,27,-76.6469,-79.1125,6.50
wB97,aug-cc-pvdz,S,27,-88.4064,-91.1921,8.29
wB97,aug-cc-pvdz,Si,27,-65.7515,-67.9264,4.97
wB97,aug-cc-pvtz,Al,50,-55.6823,-57.5780,3.61
wB97,aug-cc-pvtz,Ar,50,-114.45453,-117.92785,12.98
wB97,aug-cc-pvtz,Cl,50,-101.00044,-104.11151,10.44
wB97,aug-cc-pvtz,Mg,50,-46.5039,-48.1327,2.67
wB97,aug-cc-pvtz,Na,50,-38.2169,-39.6027,1.89
wB97,aug-cc-pvtz,P,50,-76.6494,-79.1125,6.50
wB97,aug-cc-pvtz,S,50,-88.4112,-91.1921,8.29
wB97,aug-cc-pvtz,Si,50,-65.7490,-67.9264,4.97
wB97,def2-sv_p,Al,18,-55.6522,-57.5780,3.61
wB97,def2-sv_p,Ar,18,-114.37476,-117.92785,12.98
wB97,def2-sv_p,Cl,18,-100.93021,-104.11151,10.44
wB97,def2-sv_p,Mg,18,-46.4894,-48.1327,2.67
wB97,def2-sv_p,Na,15,-38.1798,-39.6027,1.89
wB97,def2-sv_p,P,18,-76.5927,-79.1125,6.50
wB97,def2-sv_p,S,18,-88.3472,-91.1921,8.29
wB97,def2-sv_p,Si,18,-65.7042,-67.9264,4.97
wB97,def2-svpd,Al,24,-55.6555,-57.5780,3.61
wB97,def2-svpd,Ar,27,-114.40826,-117.92785,12.98
wB97,def2-svpd,Cl,27,-100.95637,-104.11151,10.44
wB97,def2-svpd,Mg,21,-46.4889,-48.1327,2.67
wB97,def2-svpd,Na,18,-38.1856,-39.6027,1.89
wB97,def2-svpd,P,24,-76.5962,-79.1125,6.50
wB97,def2-svpd,S,27,-88.3711,-91.1921,8.29
wB97,def2-svpd,Si,24,-65.7070,-67.9264,4.97
wB97,def2-tzvp,Al,37,-55.6549,-57.5780,3.61
wB97,def2-tzvp,Ar,37,-114.41182,-117.92785,12.98
wB97,def2-tzvp,Cl,37,-100.95998,-104.11151,10.44
wB97,def2-tzvp,Mg,32,-46.4845,-48.1327,2.67
wB97,def2-tzvp,Na,32,-38.2092,-39.6027,1.89
wB97,def2-tzvp,P,37,-76.6139,-79.1125,6.50
wB97,def2-tzvp,S,37,-88.3724,-91.1921,8.29
wB97,def2-tzvp,Si,37,-65.7206,-67.9264,4.97
wB97,def2-tzvpd,Al,43,-55.6551,-57.5780,3.61
wB97,def2-tzvpd,Ar,46,-114.41556,-117.92785,12.98
wB97,def2-tzvpd,Cl,46,-100.96283,-104.11151,10.44
wB97,def2-tzvpd,Mg,35,-46.4844,-48.1327,2.67
wB97,def2-tzvpd,Na,35,-38.2092,-39.6027,1.89
wB97,def2-tzvpd,P,43,-76.6144,-79.1125,6.50
wB97,def2-tzvpd,S,46,-88.3751,-91.1921,8.29
wB97,def2-tzvpd,Si,43,-65.7211,-67.9264,4.97
blyp,631G,Al,13,-55.4629,-57.5780,3.61
blyp,631G,Ar,13,-114.23421,-117.92785,12.98
blyp,631G,Cl,13,-100.77241,-104.11151,10.44
blyp,631G,Mg,13,-46.2654,-48.1327,2.67
blyp,631G,Na,13,-38.0061,-39.6027,1.89
blyp,631G,P,13,-76.4216,-79.1125,6.50
blyp,631G,S,13,-88.1832,-91.1921,8.29
blyp,631G,Si,13,-65.5251,-67.9264,4.97
blyp,aug-cc-pvdz,Al,27,-55.4815,-57.5780,3.61
blyp,aug-cc-pvdz,Ar,27,-114.25785,-117.92785,12.98
blyp,aug-cc-pvdz,Cl,27,-100.79726,-104.11151,10.44
blyp,aug-cc-pvdz,Mg,27,-46.2771,-48.1327,2.67
blyp,aug-cc-pvdz,Na,27,-37.9864,-39.6027,1.89
blyp,aug-cc-pvdz,P,27,-76.4501,-79.1125,6.50
blyp,aug-cc-pvdz,S,27,-88.2108,-91.1921,8.29
blyp,aug-cc-pvdz,Si,27,-65.5544,-67.9264,4.97
blyp,aug-cc-pvtz,Al,50,-55.4816,-57.5780,3.61
blyp,aug-cc-pvtz,Ar,50,-114.27443,-117.92785,12.98
blyp,aug-cc-pvtz,Cl,50,-100.81248,-104.11151,10.44
blyp,aug-cc-pvtz,Mg,50,-46.2967,-48.1327,2.67
blyp,aug-cc-pvtz,Na,50,-38.0111,-39.6027,1.89
blyp,aug-cc-pvtz,P,50,-76.4560,-79.1125,6.50
blyp,aug-cc-pvtz,S,50,-88.2207,-91.1921,8.29
blyp,aug-cc-pvtz,Si,50,-65.5550,-67.9264,4.97
blyp,def2-sv_p,Al,18,-55.4475,-57.5780,3.61
blyp,def2-sv_p,Ar,18,-114.18158,-117.92785,12.98
blyp,def2-sv_p,Cl,18,-100.72985,-104.11151,10.44
blyp,def2-sv_p,Mg,18,-46.2824,-48.1327,2.67
blyp,def2-sv_p,Na,15,-37.9625,-39.6027,1.89
blyp,def2-sv_p,P,18,-76.3883,-79.1125,6.50
blyp,def2-sv_p,S,18,-88.1442,-91.1921,8.29
blyp,def2-sv_p,Si,18,-65.5012,-67.9264,4.97
blyp,def2-svpd,Al,24,-55.4499,-57.5780,3.61
blyp,def2-svpd,Ar,27,-114.22502,-117.92785,12.98
blyp,def2-svpd,Cl,27,-100.76485,-104.11151,10.44
blyp,def2-svpd,Mg,21,-46.2822,-48.1327,2.67
blyp,def2-svpd,Na,18,-37.9702,-39.6027,1.89
blyp,def2-svpd,P,24,-76.3919,-79.1125,6.50
blyp,def2-svpd,S,27,-88.1768,-91.1921,8.29
blyp,def2-svpd,Si,24,-65.5041,-67.9264,4.97
blyp,def2-tzvp,Al,37,-55.4431,-57.5780,3.61
blyp,def2-tzvp,Ar,37,-114.22250,-117.92785,12.98
blyp,def2-tzvp,Cl,37,-100.76326,-104.11151,10.44
blyp,def2-tzvp,Mg,32,-46.2791,-48.1327,2.67
blyp,def2-tzvp,Na,32,-38.0002,-39.6027,1.89
blyp,def2-tzvp,P,37,-76.4119,-79.1125,6.50
blyp,def2-tzvp,S,37,-88.1731,-91.1921,8.29
blyp,def2-tzvp,Si,37,-65.5190,-67.9264,4.97
blyp,def2-tzvpd,Al,43,-55.4434,-57.5780,3.61
blyp,def2-tzvpd,Ar,46,-114.22871,-117.92785,12.98
blyp,def2-tzvpd,Cl,46,-100.76843,-104.11151,10.44
blyp,def2-tzvpd,Mg,35,-46.2790,-48.1327,2.67
blyp,def2-tzvpd,Na,35,-38.0002,-39.6027,1.89
blyp,def2-tzvpd,P,43,-76.4001,-79.1125,6.50
blyp,def2-tzvpd,S,46,-88.1786,-91.1921,8.29
blyp,def2-tzvpd,Si,43,-65.5194,-67.9264,4.97
